"Fare2","CabinID","Survived"
"<10","A",0
"20-30","A",0
"30+","A",0.538461538461538
"<10","B",0
"20-30","B",0.333333333333333
"30+","B",0.829268292682927
"20-30","C",0.333333333333333
"30+","C",0.64
"10-20","D",0.75
"20-30","D",1
"30+","D",0.730769230769231
"<10","E",1
"10-20","E",0.833333333333333
"20-30","E",0.75
"30+","E",0.705882352941177
"<10","F",0
"10-20","F",1
"20-30","F",0.75
"30+","F",1
"10-20","G",0.5
"30+","T",0
